libbacktrace-native.so	abort
libbacktrace-native.so	accept
libbacktrace-native.so	access
libbacktrace-native.so	alarm
libbacktrace-native.so	__android_log_buf_write
libbacktrace-native.so	__android_log_print
libbacktrace-native.so	__android_log_vprint
libbacktrace-native.so	__android_log_write
libbacktrace-native.so	android_set_abort_message
libbacktrace-native.so	asprintf
libbacktrace-native.so	__assert2
libbacktrace-native.so	atoi
libbacktrace-native.so	basename
libbacktrace-native.so	bind
libbacktrace-native.so	btowc
libbacktrace-native.so	calloc
libbacktrace-native.so	chown
libbacktrace-native.so	clock_gettime
libbacktrace-native.so	close
libbacktrace-native.so	closedir
libbacktrace-native.so	closelog
libbacktrace-native.so	__cmsg_nxthdr
libbacktrace-native.so	connect
libbacktrace-native.so	__ctype_get_mb_cur_max
libbacktrace-native.so	__cxa_atexit
libbacktrace-native.so	__cxa_finalize
libbacktrace-native.so	daylight
libbacktrace-native.so	deflate
libbacktrace-native.so	deflateEnd
libbacktrace-native.so	deflateInit_
libbacktrace-native.so	deflateInit2_
libbacktrace-native.so	dirfd
libbacktrace-native.so	dirname
libbacktrace-native.so	dlclose
libbacktrace-native.so	dlerror
libbacktrace-native.so	dl_iterate_phdr
libbacktrace-native.so	dlopen
libbacktrace-native.so	dlsym
libbacktrace-native.so	dup2
libbacktrace-native.so	environ
libbacktrace-native.so	epoll_create
libbacktrace-native.so	epoll_create1
libbacktrace-native.so	epoll_ctl
libbacktrace-native.so	epoll_wait
libbacktrace-native.so	__errno
libbacktrace-native.so	eventfd
libbacktrace-native.so	execv
libbacktrace-native.so	execve
libbacktrace-native.so	execvpe
libbacktrace-native.so	_exit
libbacktrace-native.so	exit
libbacktrace-native.so	fchmod
libbacktrace-native.so	fchown
libbacktrace-native.so	fclose
libbacktrace-native.so	fcntl
libbacktrace-native.so	__FD_SET_chk
libbacktrace-native.so	feof
libbacktrace-native.so	ferror
libbacktrace-native.so	fflush
libbacktrace-native.so	fgets
libbacktrace-native.so	fileno
libbacktrace-native.so	fopen
libbacktrace-native.so	fork
libbacktrace-native.so	fprintf
libbacktrace-native.so	fputc
libbacktrace-native.so	fputs
libbacktrace-native.so	fread
libbacktrace-native.so	free
libbacktrace-native.so	freeaddrinfo
libbacktrace-native.so	freelocale
libbacktrace-native.so	fscanf
libbacktrace-native.so	fseek
libbacktrace-native.so	fseeko
libbacktrace-native.so	fstat
libbacktrace-native.so	ftell
libbacktrace-native.so	ftello
libbacktrace-native.so	ftruncate
libbacktrace-native.so	fwrite
libbacktrace-native.so	gai_strerror
libbacktrace-native.so	getaddrinfo
libbacktrace-native.so	getauxval
libbacktrace-native.so	getegid
libbacktrace-native.so	getentropy
libbacktrace-native.so	getenv
libbacktrace-native.so	geteuid
libbacktrace-native.so	getgrnam
libbacktrace-native.so	gethostbyname
libbacktrace-native.so	getnameinfo
libbacktrace-native.so	getopt_long
libbacktrace-native.so	getpagesize
libbacktrace-native.so	getpid
libbacktrace-native.so	getppid
libbacktrace-native.so	getpriority
libbacktrace-native.so	getpwnam_r
libbacktrace-native.so	getsockname
libbacktrace-native.so	getsockopt
libbacktrace-native.so	gettid
libbacktrace-native.so	gettimeofday
libbacktrace-native.so	getuid
libbacktrace-native.so	gmtime_r
libbacktrace-native.so	inflate
libbacktrace-native.so	inflateEnd
libbacktrace-native.so	inflateInit_
libbacktrace-native.so	ioctl
libbacktrace-native.so	isdigit_l
libbacktrace-native.so	islower_l
libbacktrace-native.so	isspace
libbacktrace-native.so	isupper_l
libbacktrace-native.so	iswalpha_l
libbacktrace-native.so	iswblank_l
libbacktrace-native.so	iswcntrl_l
libbacktrace-native.so	iswdigit_l
libbacktrace-native.so	iswlower_l
libbacktrace-native.so	iswprint_l
libbacktrace-native.so	iswpunct_l
libbacktrace-native.so	iswspace_l
libbacktrace-native.so	iswupper_l
libbacktrace-native.so	iswxdigit_l
libbacktrace-native.so	isxdigit_l
libbacktrace-native.so	kill
libbacktrace-native.so	ldexp
libbacktrace-native.so	listen
libbacktrace-native.so	localeconv
libbacktrace-native.so	localtime_r
libbacktrace-native.so	lseek
libbacktrace-native.so	lstat
libbacktrace-native.so	madvise
libbacktrace-native.so	malloc
libbacktrace-native.so	mbrlen
libbacktrace-native.so	mbrtowc
libbacktrace-native.so	mbsnrtowcs
libbacktrace-native.so	mbsrtowcs
libbacktrace-native.so	mbtowc
libbacktrace-native.so	memchr
libbacktrace-native.so	memcmp
libbacktrace-native.so	memcpy
libbacktrace-native.so	__memcpy_chk
libbacktrace-native.so	memmove
libbacktrace-native.so	memset
libbacktrace-native.so	mkdir
libbacktrace-native.so	mkdtemp
libbacktrace-native.so	mkstemp
libbacktrace-native.so	mktime
libbacktrace-native.so	mlock
libbacktrace-native.so	mmap
libbacktrace-native.so	mprotect
libbacktrace-native.so	munmap
libbacktrace-native.so	nanosleep
libbacktrace-native.so	newlocale
libbacktrace-native.so	nftw
libbacktrace-native.so	open
libbacktrace-native.so	__open_2
libbacktrace-native.so	opendir
libbacktrace-native.so	openlog
libbacktrace-native.so	optarg
libbacktrace-native.so	optind
libbacktrace-native.so	pipe
libbacktrace-native.so	poll
libbacktrace-native.so	posix_memalign
libbacktrace-native.so	prctl
libbacktrace-native.so	pread
libbacktrace-native.so	pread64
libbacktrace-native.so	pthread_atfork
libbacktrace-native.so	pthread_cond_broadcast
libbacktrace-native.so	pthread_cond_destroy
libbacktrace-native.so	pthread_cond_signal
libbacktrace-native.so	pthread_cond_timedwait
libbacktrace-native.so	pthread_cond_wait
libbacktrace-native.so	pthread_detach
libbacktrace-native.so	pthread_equal
libbacktrace-native.so	pthread_getspecific
libbacktrace-native.so	pthread_join
libbacktrace-native.so	pthread_key_create
libbacktrace-native.so	pthread_key_delete
libbacktrace-native.so	pthread_mutexattr_destroy
libbacktrace-native.so	pthread_mutexattr_init
libbacktrace-native.so	pthread_mutexattr_settype
libbacktrace-native.so	pthread_mutex_destroy
libbacktrace-native.so	pthread_mutex_init
libbacktrace-native.so	pthread_mutex_lock
libbacktrace-native.so	pthread_mutex_trylock
libbacktrace-native.so	pthread_mutex_unlock
libbacktrace-native.so	pthread_once
libbacktrace-native.so	pthread_rwlock_destroy
libbacktrace-native.so	pthread_rwlock_init
libbacktrace-native.so	pthread_rwlock_rdlock
libbacktrace-native.so	pthread_rwlock_unlock
libbacktrace-native.so	pthread_rwlock_wrlock
libbacktrace-native.so	pthread_self
libbacktrace-native.so	pthread_setspecific
libbacktrace-native.so	ptrace
libbacktrace-native.so	qsort
libbacktrace-native.so	raise
libbacktrace-native.so	read
libbacktrace-native.so	__read_chk
libbacktrace-native.so	readdir
libbacktrace-native.so	readlink
libbacktrace-native.so	realloc
libbacktrace-native.so	realpath
libbacktrace-native.so	recvmsg
libbacktrace-native.so	rename
libbacktrace-native.so	rmdir
libbacktrace-native.so	sched_getparam
libbacktrace-native.so	sched_getscheduler
libbacktrace-native.so	sched_setaffinity
libbacktrace-native.so	sched_yield
libbacktrace-native.so	select
libbacktrace-native.so	sendmsg
libbacktrace-native.so	setgid
libbacktrace-native.so	setlocale
libbacktrace-native.so	setsid
libbacktrace-native.so	setsockopt
libbacktrace-native.so	setuid
libbacktrace-native.so	__sF
libbacktrace-native.so	sigaction
libbacktrace-native.so	sigaddset
libbacktrace-native.so	sigaltstack
libbacktrace-native.so	sigemptyset
libbacktrace-native.so	sigfillset
libbacktrace-native.so	signal
libbacktrace-native.so	sigprocmask
libbacktrace-native.so	sleep
libbacktrace-native.so	snprintf
libbacktrace-native.so	socket
libbacktrace-native.so	socketpair
libbacktrace-native.so	sprintf
libbacktrace-native.so	sscanf
libbacktrace-native.so	__stack_chk_fail
libbacktrace-native.so	stat
libbacktrace-native.so	strcasecmp
libbacktrace-native.so	strcat
libbacktrace-native.so	strchr
libbacktrace-native.so	__strchr_chk
libbacktrace-native.so	strcmp
libbacktrace-native.so	strcoll_l
libbacktrace-native.so	strcpy
libbacktrace-native.so	__strcpy_chk
libbacktrace-native.so	strcspn
libbacktrace-native.so	strdup
libbacktrace-native.so	strerror
libbacktrace-native.so	strerror_r
libbacktrace-native.so	strftime_l
libbacktrace-native.so	__strlcpy_chk
libbacktrace-native.so	strlen
libbacktrace-native.so	__strlen_chk
libbacktrace-native.so	strncasecmp
libbacktrace-native.so	strncmp
libbacktrace-native.so	strncpy
libbacktrace-native.so	__strncpy_chk2
libbacktrace-native.so	strnlen
libbacktrace-native.so	strrchr
libbacktrace-native.so	strsignal
libbacktrace-native.so	strspn
libbacktrace-native.so	strstr
libbacktrace-native.so	strtod
libbacktrace-native.so	strtof
libbacktrace-native.so	strtol
libbacktrace-native.so	strtold
libbacktrace-native.so	strtold_l
libbacktrace-native.so	strtoll
libbacktrace-native.so	strtoll_l
libbacktrace-native.so	strtoul
libbacktrace-native.so	strtoull
libbacktrace-native.so	strtoull_l
libbacktrace-native.so	strxfrm_l
libbacktrace-native.so	swprintf
libbacktrace-native.so	syscall
libbacktrace-native.so	sysconf
libbacktrace-native.so	syslog
libbacktrace-native.so	__system_property_get
libbacktrace-native.so	tcgetattr
libbacktrace-native.so	tcsetattr
libbacktrace-native.so	time
libbacktrace-native.so	timezone
libbacktrace-native.so	tolower_l
libbacktrace-native.so	toupper_l
libbacktrace-native.so	towlower_l
libbacktrace-native.so	towupper_l
libbacktrace-native.so	tzname
libbacktrace-native.so	tzset
libbacktrace-native.so	__umask_chk
libbacktrace-native.so	uname
libbacktrace-native.so	unlink
libbacktrace-native.so	uselocale
libbacktrace-native.so	usleep
libbacktrace-native.so	vasprintf
libbacktrace-native.so	vfork
libbacktrace-native.so	vfprintf
libbacktrace-native.so	vprintf
libbacktrace-native.so	vsnprintf
libbacktrace-native.so	__vsnprintf_chk
libbacktrace-native.so	__vsprintf_chk
libbacktrace-native.so	vsscanf
libbacktrace-native.so	waitpid
libbacktrace-native.so	wcrtomb
libbacktrace-native.so	wcscoll_l
libbacktrace-native.so	wcslen
libbacktrace-native.so	wcsnrtombs
libbacktrace-native.so	wcstod
libbacktrace-native.so	wcstof
libbacktrace-native.so	wcstol
libbacktrace-native.so	wcstold
libbacktrace-native.so	wcstoll
libbacktrace-native.so	wcstoul
libbacktrace-native.so	wcstoull
libbacktrace-native.so	wcsxfrm_l
libbacktrace-native.so	wctob
libbacktrace-native.so	wmemchr
libbacktrace-native.so	wmemcmp
libbacktrace-native.so	write
libbacktrace-native.so	writev
libbacktrace-native.so	zError
libdatastore_shared_counter.so	__cxa_atexit
libdatastore_shared_counter.so	__cxa_finalize
libdatastore_shared_counter.so	__errno
libdatastore_shared_counter.so	ftruncate
libdatastore_shared_counter.so	mmap
libdatastore_shared_counter.so	__stack_chk_fail
libdatastore_shared_counter.so	strerror
libeigen_blas.so	abort
libeigen_blas.so	android_set_abort_message
libeigen_blas.so	closelog
libeigen_blas.so	__cxa_atexit
libeigen_blas.so	__cxa_finalize
libeigen_blas.so	dl_iterate_phdr
libeigen_blas.so	fflush
libeigen_blas.so	fprintf
libeigen_blas.so	fputc
libeigen_blas.so	free
libeigen_blas.so	fwrite
libeigen_blas.so	malloc
libeigen_blas.so	memchr
libeigen_blas.so	memcpy
libeigen_blas.so	memmove
libeigen_blas.so	memset
libeigen_blas.so	openlog
libeigen_blas.so	posix_memalign
libeigen_blas.so	pthread_cond_broadcast
libeigen_blas.so	pthread_cond_wait
libeigen_blas.so	pthread_getspecific
libeigen_blas.so	pthread_key_create
libeigen_blas.so	pthread_key_delete
libeigen_blas.so	pthread_mutex_lock
libeigen_blas.so	pthread_mutex_unlock
libeigen_blas.so	pthread_once
libeigen_blas.so	pthread_rwlock_rdlock
libeigen_blas.so	pthread_rwlock_unlock
libeigen_blas.so	pthread_rwlock_wrlock
libeigen_blas.so	pthread_setspecific
libeigen_blas.so	realloc
libeigen_blas.so	__register_atfork
libeigen_blas.so	__sF
libeigen_blas.so	snprintf
libeigen_blas.so	strcmp
libeigen_blas.so	strlen
libeigen_blas.so	syscall
libeigen_blas.so	syslog
libeigen_blas.so	vasprintf
libeigen_blas.so	vfprintf
libeigen_lapack.so	__cxa_atexit
libeigen_lapack.so	__cxa_finalize
libeigen_lapack.so	__gxx_personality_v0
libeigen_lapack.so	__register_atfork
libimage_processing_util_jni.so	ANativeWindow_fromSurface
libimage_processing_util_jni.so	ANativeWindow_lock
libimage_processing_util_jni.so	ANativeWindow_release
libimage_processing_util_jni.so	ANativeWindow_setBuffersGeometry
libimage_processing_util_jni.so	ANativeWindow_unlockAndPost
libimage_processing_util_jni.so	AndroidBitmap_lockPixels
libimage_processing_util_jni.so	AndroidBitmap_unlockPixels
libimage_processing_util_jni.so	__android_log_print
libimage_processing_util_jni.so	__cxa_atexit
libimage_processing_util_jni.so	__cxa_finalize
libimage_processing_util_jni.so	free
libimage_processing_util_jni.so	malloc
libimage_processing_util_jni.so	memcpy
libimage_processing_util_jni.so	__memcpy_chk
libimage_processing_util_jni.so	memmove
libimage_processing_util_jni.so	memset
libimage_processing_util_jni.so	__register_atfork
libimage_processing_util_jni.so	__stack_chk_fail
librenderscript-toolkit.so	abort
librenderscript-toolkit.so	AndroidBitmap_getInfo
librenderscript-toolkit.so	AndroidBitmap_lockPixels
librenderscript-toolkit.so	AndroidBitmap_unlockPixels
librenderscript-toolkit.so	__android_log_print
librenderscript-toolkit.so	android_set_abort_message
librenderscript-toolkit.so	__assert2
librenderscript-toolkit.so	close
librenderscript-toolkit.so	closelog
librenderscript-toolkit.so	__cxa_atexit
librenderscript-toolkit.so	__cxa_finalize
librenderscript-toolkit.so	dl_iterate_phdr
librenderscript-toolkit.so	__errno
librenderscript-toolkit.so	fflush
librenderscript-toolkit.so	fprintf
librenderscript-toolkit.so	fputc
librenderscript-toolkit.so	free
librenderscript-toolkit.so	fwrite
librenderscript-toolkit.so	malloc
librenderscript-toolkit.so	memchr
librenderscript-toolkit.so	memcmp
librenderscript-toolkit.so	memcpy
librenderscript-toolkit.so	memmove
librenderscript-toolkit.so	memset
librenderscript-toolkit.so	nanosleep
librenderscript-toolkit.so	__open_2
librenderscript-toolkit.so	openlog
librenderscript-toolkit.so	posix_memalign
librenderscript-toolkit.so	prctl
librenderscript-toolkit.so	pthread_cond_broadcast
librenderscript-toolkit.so	pthread_cond_destroy
librenderscript-toolkit.so	pthread_cond_signal
librenderscript-toolkit.so	pthread_cond_timedwait
librenderscript-toolkit.so	pthread_cond_wait
librenderscript-toolkit.so	pthread_create
librenderscript-toolkit.so	pthread_detach
librenderscript-toolkit.so	pthread_getspecific
librenderscript-toolkit.so	pthread_join
librenderscript-toolkit.so	pthread_key_create
librenderscript-toolkit.so	pthread_key_delete
librenderscript-toolkit.so	pthread_mutexattr_destroy
librenderscript-toolkit.so	pthread_mutexattr_init
librenderscript-toolkit.so	pthread_mutexattr_settype
librenderscript-toolkit.so	pthread_mutex_destroy
librenderscript-toolkit.so	pthread_mutex_init
librenderscript-toolkit.so	pthread_mutex_lock
librenderscript-toolkit.so	pthread_mutex_trylock
librenderscript-toolkit.so	pthread_mutex_unlock
librenderscript-toolkit.so	pthread_once
librenderscript-toolkit.so	pthread_rwlock_rdlock
librenderscript-toolkit.so	pthread_rwlock_unlock
librenderscript-toolkit.so	pthread_rwlock_wrlock
librenderscript-toolkit.so	pthread_self
librenderscript-toolkit.so	pthread_setspecific
librenderscript-toolkit.so	read
librenderscript-toolkit.so	__read_chk
librenderscript-toolkit.so	realloc
librenderscript-toolkit.so	__sF
librenderscript-toolkit.so	snprintf
librenderscript-toolkit.so	__stack_chk_fail
librenderscript-toolkit.so	strcmp
librenderscript-toolkit.so	strerror_r
librenderscript-toolkit.so	strlen
librenderscript-toolkit.so	strtod
librenderscript-toolkit.so	strtof
librenderscript-toolkit.so	strtol
librenderscript-toolkit.so	strtold
librenderscript-toolkit.so	strtoll
librenderscript-toolkit.so	strtoul
librenderscript-toolkit.so	strtoull
librenderscript-toolkit.so	swprintf
librenderscript-toolkit.so	syscall
librenderscript-toolkit.so	sysconf
librenderscript-toolkit.so	syslog
librenderscript-toolkit.so	vasprintf
librenderscript-toolkit.so	vfprintf
librenderscript-toolkit.so	wcslen
librenderscript-toolkit.so	wcstod
librenderscript-toolkit.so	wcstof
librenderscript-toolkit.so	wcstol
librenderscript-toolkit.so	wcstold
librenderscript-toolkit.so	wcstoll
librenderscript-toolkit.so	wcstoul
librenderscript-toolkit.so	wcstoull
librenderscript-toolkit.so	wmemchr
librenderscript-toolkit.so	wmemcmp
libroblox.so	AAsset_close
libroblox.so	AAsset_getBuffer
libroblox.so	AAsset_getLength
libroblox.so	AAssetManager_fromJava
libroblox.so	AAssetManager_open
libroblox.so	AAsset_openFileDescriptor
libroblox.so	abort
libroblox.so	accept
libroblox.so	accept4
libroblox.so	access
libroblox.so	AConfiguration_delete
libroblox.so	AConfiguration_fromAssetManager
libroblox.so	AConfiguration_getCountry
libroblox.so	AConfiguration_getLanguage
libroblox.so	AConfiguration_getNavHidden
libroblox.so	AConfiguration_getScreenHeightDp
libroblox.so	AConfiguration_getScreenSize
libroblox.so	AConfiguration_getScreenWidthDp
libroblox.so	AConfiguration_new
libroblox.so	acos
libroblox.so	acosf
libroblox.so	ALooper_acquire
libroblox.so	ALooper_addFd
libroblox.so	ALooper_forThread
libroblox.so	ALooper_pollOnce
libroblox.so	ALooper_prepare
libroblox.so	ALooper_release
libroblox.so	ALooper_removeFd
libroblox.so	AMediaCodec_configure
libroblox.so	AMediaCodec_createDecoderByType
libroblox.so	AMediaCodec_createEncoderByType
libroblox.so	AMediaCodec_delete
libroblox.so	AMediaCodec_dequeueInputBuffer
libroblox.so	AMediaCodec_dequeueOutputBuffer
libroblox.so	AMediaCodec_flush
libroblox.so	AMediaCodec_getInputBuffer
libroblox.so	AMediaCodec_getOutputBuffer
libroblox.so	AMediaCodec_getOutputFormat
libroblox.so	AMediaCodec_queueInputBuffer
libroblox.so	AMediaCodec_releaseOutputBuffer
libroblox.so	AMediaCodec_start
libroblox.so	AMediaCodec_stop
libroblox.so	AMediaFormat_delete
libroblox.so	AMediaFormat_getBuffer
libroblox.so	AMediaFormat_getInt32
libroblox.so	AMEDIAFORMAT_KEY_BIT_RATE
libroblox.so	AMEDIAFORMAT_KEY_CHANNEL_COUNT
libroblox.so	AMEDIAFORMAT_KEY_COLOR_FORMAT
libroblox.so	AMEDIAFORMAT_KEY_FRAME_RATE
libroblox.so	AMEDIAFORMAT_KEY_HEIGHT
libroblox.so	AMEDIAFORMAT_KEY_I_FRAME_INTERVAL
libroblox.so	AMEDIAFORMAT_KEY_MIME
libroblox.so	AMEDIAFORMAT_KEY_SAMPLE_RATE
libroblox.so	AMEDIAFORMAT_KEY_STRIDE
libroblox.so	AMEDIAFORMAT_KEY_WIDTH
libroblox.so	AMediaFormat_new
libroblox.so	AMediaFormat_setBuffer
libroblox.so	AMediaFormat_setFloat
libroblox.so	AMediaFormat_setInt32
libroblox.so	AMediaFormat_setString
libroblox.so	AMediaFormat_toString
libroblox.so	ANativeWindow_acquire
libroblox.so	ANativeWindow_fromSurface
libroblox.so	ANativeWindow_getHeight
libroblox.so	ANativeWindow_getWidth
libroblox.so	ANativeWindow_release
libroblox.so	__android_log_assert
libroblox.so	__android_log_buf_write
libroblox.so	__android_log_print
libroblox.so	__android_log_write
libroblox.so	android_set_abort_message
libroblox.so	arc4random_buf
libroblox.so	asin
libroblox.so	asinf
libroblox.so	__assert
libroblox.so	__assert2
libroblox.so	atan
libroblox.so	atan2
libroblox.so	atan2f
libroblox.so	atanf
libroblox.so	atof
libroblox.so	atoi
libroblox.so	atol
libroblox.so	atoll
libroblox.so	bind
libroblox.so	bsearch
libroblox.so	btowc
libroblox.so	cbrt
libroblox.so	cbrtf
libroblox.so	clearerr
libroblox.so	clock
libroblox.so	clock_gettime
libroblox.so	close
libroblox.so	closedir
libroblox.so	closelog
libroblox.so	__cmsg_nxthdr
libroblox.so	connect
libroblox.so	cos
libroblox.so	cosf
libroblox.so	cosh
libroblox.so	coshf
libroblox.so	__ctype_get_mb_cur_max
libroblox.so	__cxa_atexit
libroblox.so	__cxa_finalize
libroblox.so	__cxa_thread_atexit_impl
libroblox.so	daylight
libroblox.so	difftime
libroblox.so	dladdr
libroblox.so	dlclose
libroblox.so	dlerror
libroblox.so	dl_iterate_phdr
libroblox.so	dlopen
libroblox.so	dlsym
libroblox.so	eglChooseConfig
libroblox.so	eglCreateContext
libroblox.so	eglCreatePbufferSurface
libroblox.so	eglCreateWindowSurface
libroblox.so	eglDestroyContext
libroblox.so	eglDestroySurface
libroblox.so	eglGetConfigAttrib
libroblox.so	eglGetCurrentContext
libroblox.so	eglGetDisplay
libroblox.so	eglGetError
libroblox.so	eglGetProcAddress
libroblox.so	eglInitialize
libroblox.so	eglMakeCurrent
libroblox.so	eglQuerySurface
libroblox.so	eglSwapBuffers
libroblox.so	eglSwapInterval
libroblox.so	eglTerminate
libroblox.so	environ
libroblox.so	epoll_create
libroblox.so	epoll_create1
libroblox.so	epoll_ctl
libroblox.so	epoll_wait
libroblox.so	erfcf
libroblox.so	erff
libroblox.so	__errno
libroblox.so	eventfd
libroblox.so	execv
libroblox.so	execve
libroblox.so	_exit
libroblox.so	exit
libroblox.so	_Exit
libroblox.so	exp
libroblox.so	exp2
libroblox.so	exp2f
libroblox.so	expf
libroblox.so	expm1
libroblox.so	fchmod
libroblox.so	fchown
libroblox.so	fclose
libroblox.so	fcntl
libroblox.so	__FD_CLR_chk
libroblox.so	__FD_ISSET_chk
libroblox.so	fdopen
libroblox.so	__FD_SET_chk
libroblox.so	feof
libroblox.so	ferror
libroblox.so	fflush
libroblox.so	fgets
libroblox.so	fileno
libroblox.so	finitef
libroblox.so	fmal
libroblox.so	fmod
libroblox.so	fmodf
libroblox.so	fopen
libroblox.so	fork
libroblox.so	fprintf
libroblox.so	fputc
libroblox.so	fputs
libroblox.so	fputwc
libroblox.so	fread
libroblox.so	__fread_chk
libroblox.so	freeaddrinfo
libroblox.so	freelocale
libroblox.so	frexp
libroblox.so	frexpf
libroblox.so	fscanf
libroblox.so	fseek
libroblox.so	fseeko
libroblox.so	fstat
libroblox.so	fsync
libroblox.so	ftell
libroblox.so	ftello
libroblox.so	ftruncate
libroblox.so	fwrite
libroblox.so	__fwrite_chk
libroblox.so	gai_strerror
libroblox.so	__gcov_dump
libroblox.so	__gcov_flush
libroblox.so	getaddrinfo
libroblox.so	getauxval
libroblox.so	getc
libroblox.so	getcwd
libroblox.so	getentropy
libroblox.so	getenv
libroblox.so	geteuid
libroblox.so	getgid
libroblox.so	gethostbyname
libroblox.so	gethostname
libroblox.so	getnameinfo
libroblox.so	getopt_long
libroblox.so	getpagesize
libroblox.so	getpeername
libroblox.so	getpid
libroblox.so	getppid
libroblox.so	getpriority
libroblox.so	getpwuid_r
libroblox.so	getsockname
libroblox.so	getsockopt
libroblox.so	gettid
libroblox.so	gettimeofday
libroblox.so	getuid
libroblox.so	getwc
libroblox.so	glActiveTexture
libroblox.so	glAttachShader
libroblox.so	glBindAttribLocation
libroblox.so	glBindBuffer
libroblox.so	glBindFramebuffer
libroblox.so	glBindRenderbuffer
libroblox.so	glBindTexture
libroblox.so	glBlendFunc
libroblox.so	glBlendFuncSeparate
libroblox.so	glBufferData
libroblox.so	glBufferSubData
libroblox.so	glCheckFramebufferStatus
libroblox.so	glClear
libroblox.so	glClearColor
libroblox.so	glClearDepthf
libroblox.so	glClearStencil
libroblox.so	glColorMask
libroblox.so	glCompileShader
libroblox.so	glCompressedTexImage2D
libroblox.so	glCompressedTexSubImage2D
libroblox.so	glCopyTexSubImage2D
libroblox.so	glCreateProgram
libroblox.so	glCreateShader
libroblox.so	glCullFace
libroblox.so	glDeleteBuffers
libroblox.so	glDeleteFramebuffers
libroblox.so	glDeleteProgram
libroblox.so	glDeleteRenderbuffers
libroblox.so	glDeleteShader
libroblox.so	glDeleteTextures
libroblox.so	glDepthFunc
libroblox.so	glDepthMask
libroblox.so	glDisable
libroblox.so	glDisableVertexAttribArray
libroblox.so	glDrawArrays
libroblox.so	glDrawElements
libroblox.so	glEnable
libroblox.so	glEnableVertexAttribArray
libroblox.so	glFramebufferRenderbuffer
libroblox.so	glFramebufferTexture2D
libroblox.so	glGenBuffers
libroblox.so	glGenerateMipmap
libroblox.so	glGenFramebuffers
libroblox.so	glGenRenderbuffers
libroblox.so	glGenTextures
libroblox.so	glGetActiveUniform
libroblox.so	glGetError
libroblox.so	glGetIntegerv
libroblox.so	glGetProgramInfoLog
libroblox.so	glGetProgramiv
libroblox.so	glGetShaderInfoLog
libroblox.so	glGetShaderiv
libroblox.so	glGetString
libroblox.so	glGetUniformLocation
libroblox.so	glLinkProgram
libroblox.so	glPixelStorei
libroblox.so	glPolygonOffset
libroblox.so	glReadPixels
libroblox.so	glReleaseShaderCompiler
libroblox.so	glRenderbufferStorage
libroblox.so	glScissor
libroblox.so	glShaderSource
libroblox.so	glStencilFunc
libroblox.so	glStencilMask
libroblox.so	glStencilOp
libroblox.so	glTexImage2D
libroblox.so	glTexParameterf
libroblox.so	glTexParameterfv
libroblox.so	glTexParameteri
libroblox.so	glTexSubImage2D
libroblox.so	glUniform1i
libroblox.so	glUseProgram
libroblox.so	glVertexAttribPointer
libroblox.so	glViewport
libroblox.so	gmtime
libroblox.so	gmtime_r
libroblox.so	__gnu_strerror_r
libroblox.so	hypotf
libroblox.so	if_indextoname
libroblox.so	if_nametoindex
libroblox.so	ilogb
libroblox.so	in6addr_any
libroblox.so	in6addr_loopback
libroblox.so	inet_ntop
libroblox.so	inet_pton
libroblox.so	ioctl
libroblox.so	isspace
libroblox.so	iswalpha_l
libroblox.so	iswblank_l
libroblox.so	iswcntrl_l
libroblox.so	iswdigit_l
libroblox.so	iswlower_l
libroblox.so	iswprint_l
libroblox.so	iswpunct_l
libroblox.so	iswspace_l
libroblox.so	iswupper_l
libroblox.so	iswxdigit_l
libroblox.so	ldexp
libroblox.so	ldexpf
libroblox.so	ldiv
libroblox.so	listen
libroblox.so	llround
libroblox.so	llroundf
libroblox.so	localeconv
libroblox.so	localtime
libroblox.so	localtime_r
libroblox.so	log
libroblox.so	log10
libroblox.so	log10f
libroblox.so	log2
libroblox.so	log2f
libroblox.so	logf
libroblox.so	longjmp
libroblox.so	lround
libroblox.so	lroundf
libroblox.so	lseek
libroblox.so	lstat
libroblox.so	madvise
libroblox.so	mallinfo
libroblox.so	mbrlen
libroblox.so	mbrtowc
libroblox.so	mbsnrtowcs
libroblox.so	mbsrtowcs
libroblox.so	mbtowc
libroblox.so	memchr
libroblox.so	memcmp
libroblox.so	memcpy
libroblox.so	__memcpy_chk
libroblox.so	memmove
libroblox.so	__memmove_chk
libroblox.so	memrchr
libroblox.so	memset
libroblox.so	__memset_chk
libroblox.so	mkdir
libroblox.so	mktime
libroblox.so	mlock
libroblox.so	mmap
libroblox.so	modf
libroblox.so	modff
libroblox.so	mprotect
libroblox.so	mremap
libroblox.so	msync
libroblox.so	munmap
libroblox.so	nan
libroblox.so	nanosleep
libroblox.so	newlocale
libroblox.so	nextafterf
libroblox.so	open
libroblox.so	__open_2
libroblox.so	opendir
libroblox.so	openlog
libroblox.so	optarg
libroblox.so	optind
libroblox.so	pipe
libroblox.so	poll
libroblox.so	__poll_chk
libroblox.so	posix_fallocate
libroblox.so	pow
libroblox.so	powf
libroblox.so	powl
libroblox.so	prctl
libroblox.so	pread
libroblox.so	pread64
libroblox.so	printf
libroblox.so	pthread_attr_destroy
libroblox.so	pthread_attr_getstack
libroblox.so	pthread_attr_init
libroblox.so	pthread_attr_setdetachstate
libroblox.so	pthread_attr_setschedparam
libroblox.so	pthread_attr_setstacksize
libroblox.so	pthread_condattr_destroy
libroblox.so	pthread_condattr_init
libroblox.so	pthread_condattr_setclock
libroblox.so	pthread_cond_broadcast
libroblox.so	pthread_cond_destroy
libroblox.so	pthread_cond_init
libroblox.so	pthread_cond_signal
libroblox.so	pthread_cond_timedwait
libroblox.so	pthread_cond_wait
libroblox.so	pthread_create
libroblox.so	pthread_detach
libroblox.so	pthread_equal
libroblox.so	pthread_exit
libroblox.so	pthread_getattr_np
libroblox.so	pthread_getschedparam
libroblox.so	pthread_getspecific
libroblox.so	pthread_join
libroblox.so	pthread_key_create
libroblox.so	pthread_key_delete
libroblox.so	pthread_kill
libroblox.so	pthread_mutexattr_destroy
libroblox.so	pthread_mutexattr_init
libroblox.so	pthread_mutexattr_settype
libroblox.so	pthread_mutex_destroy
libroblox.so	pthread_mutex_init
libroblox.so	pthread_mutex_lock
libroblox.so	pthread_mutex_trylock
libroblox.so	pthread_mutex_unlock
libroblox.so	pthread_once
libroblox.so	pthread_rwlock_destroy
libroblox.so	pthread_rwlock_init
libroblox.so	pthread_rwlock_rdlock
libroblox.so	pthread_rwlock_unlock
libroblox.so	pthread_rwlock_wrlock
libroblox.so	pthread_self
libroblox.so	pthread_setname_np
libroblox.so	pthread_setschedparam
libroblox.so	pthread_setspecific
libroblox.so	pthread_sigmask
libroblox.so	ptrace
libroblox.so	puts
libroblox.so	pwrite
libroblox.so	qsort
libroblox.so	raise
libroblox.so	rand
libroblox.so	random
libroblox.so	read
libroblox.so	__read_chk
libroblox.so	readdir
libroblox.so	readlink
libroblox.so	__readlink_chk
libroblox.so	realpath
libroblox.so	recvfrom
libroblox.so	recvmmsg
libroblox.so	recvmsg
libroblox.so	__register_atfork
libroblox.so	remainderf
libroblox.so	remove
libroblox.so	remquof
libroblox.so	rename
libroblox.so	rmdir
libroblox.so	round
libroblox.so	sched_getcpu
libroblox.so	sched_getparam
libroblox.so	sched_get_priority_max
libroblox.so	sched_get_priority_min
libroblox.so	sched_getscheduler
libroblox.so	sched_setscheduler
libroblox.so	sched_yield
libroblox.so	select
libroblox.so	sem_destroy
libroblox.so	sem_init
libroblox.so	sem_post
libroblox.so	sem_wait
libroblox.so	sendmmsg
libroblox.so	sendmsg
libroblox.so	sendto
libroblox.so	__sendto_chk
libroblox.so	setjmp
libroblox.so	setpriority
libroblox.so	setsockopt
libroblox.so	setvbuf
libroblox.so	__sF
libroblox.so	shutdown
libroblox.so	sigaction
libroblox.so	sigaltstack
libroblox.so	sigemptyset
libroblox.so	sigfillset
libroblox.so	signal
libroblox.so	sin
libroblox.so	sincos
libroblox.so	sincosf
libroblox.so	sinf
libroblox.so	sinh
libroblox.so	sinhf
libroblox.so	slCreateEngine
libroblox.so	SL_IID_ANDROIDCONFIGURATION
libroblox.so	SL_IID_ANDROIDSIMPLEBUFFERQUEUE
libroblox.so	SL_IID_BUFFERQUEUE
libroblox.so	SL_IID_ENGINE
libroblox.so	SL_IID_PLAY
libroblox.so	SL_IID_RECORD
libroblox.so	SL_IID_VOLUME
libroblox.so	snprintf
libroblox.so	socket
libroblox.so	socketpair
libroblox.so	srand
libroblox.so	sscanf
libroblox.so	__stack_chk_fail
libroblox.so	__stack_chk_guard
libroblox.so	stat
libroblox.so	statvfs
libroblox.so	stderr
libroblox.so	stdin
libroblox.so	stdout
libroblox.so	strcasecmp
libroblox.so	strcat
libroblox.so	__strcat_chk
libroblox.so	strchr
libroblox.so	__strchr_chk
libroblox.so	strcmp
libroblox.so	strcoll_l
libroblox.so	strcpy
libroblox.so	__strcpy_chk
libroblox.so	strcspn
libroblox.so	strerror
libroblox.so	strerror_r
libroblox.so	strftime
libroblox.so	strftime_l
libroblox.so	strlen
libroblox.so	__strlen_chk
libroblox.so	strncasecmp
libroblox.so	strncat
libroblox.so	strncmp
libroblox.so	strncpy
libroblox.so	__strncpy_chk
libroblox.so	__strncpy_chk2
libroblox.so	strnlen
libroblox.so	strpbrk
libroblox.so	strrchr
libroblox.so	strspn
libroblox.so	strstr
libroblox.so	strtod
libroblox.so	strtof
libroblox.so	strtol
libroblox.so	strtold_l
libroblox.so	strtoll
libroblox.so	strtoll_l
libroblox.so	strtoul
libroblox.so	strtoull
libroblox.so	strtoull_l
libroblox.so	strxfrm_l
libroblox.so	syscall
libroblox.so	sysconf
libroblox.so	sysinfo
libroblox.so	syslog
libroblox.so	__system_property_get
libroblox.so	tan
libroblox.so	tanf
libroblox.so	tanh
libroblox.so	tanhf
libroblox.so	tcgetattr
libroblox.so	tcsetattr
libroblox.so	time
libroblox.so	timerfd_create
libroblox.so	timerfd_settime
libroblox.so	timezone
libroblox.so	tolower
libroblox.so	towlower_l
libroblox.so	towupper_l
libroblox.so	tzname
libroblox.so	tzset
libroblox.so	uname
libroblox.so	ungetc
libroblox.so	ungetwc
libroblox.so	unlink
libroblox.so	uselocale
libroblox.so	usleep
libroblox.so	utime
libroblox.so	utimes
libroblox.so	vasprintf
libroblox.so	vfprintf
libroblox.so	vprintf
libroblox.so	vsnprintf
libroblox.so	__vsnprintf_chk
libroblox.so	__vsprintf_chk
libroblox.so	vsscanf
libroblox.so	waitpid
libroblox.so	wcrtomb
libroblox.so	wcscoll_l
libroblox.so	wcslen
libroblox.so	wcsnrtombs
libroblox.so	wcsxfrm_l
libroblox.so	wctob
libroblox.so	wmemchr
libroblox.so	wmemcmp
libroblox.so	write
libroblox.so	__write_chk
libroblox.so	writev
libroblox.so	ZSTD_trace_compress_begin
libroblox.so	ZSTD_trace_compress_end
libroblox.so	ZSTD_trace_decompress_begin
libroblox.so	ZSTD_trace_decompress_end
libsurface_util_jni.so	ANativeWindow_fromSurface
libsurface_util_jni.so	ANativeWindow_getFormat
libsurface_util_jni.so	ANativeWindow_getHeight
libsurface_util_jni.so	ANativeWindow_getWidth
libsurface_util_jni.so	ANativeWindow_release
libsurface_util_jni.so	__cxa_atexit
libsurface_util_jni.so	__cxa_finalize
libsurface_util_jni.so	__register_atfork
libsurface_util_jni.so	__stack_chk_fail
libtrampoline.so	__android_log_print
libtrampoline.so	__cxa_atexit
libtrampoline.so	dlerror
libtrampoline.so	dlopen
libtrampoline.so	dlsym
libtrampoline.so	__libc_init
libtrampoline.so	__stack_chk_fail
libyuv_shared.so	__cxa_atexit
libyuv_shared.so	__cxa_finalize
libyuv_shared.so	__register_atfork
libzstd-jni-1.5.7-6.so	calloc
libzstd-jni-1.5.7-6.so	clock
libzstd-jni-1.5.7-6.so	__cxa_atexit
libzstd-jni-1.5.7-6.so	__cxa_finalize
libzstd-jni-1.5.7-6.so	fflush
libzstd-jni-1.5.7-6.so	fprintf
libzstd-jni-1.5.7-6.so	fputc
libzstd-jni-1.5.7-6.so	free
libzstd-jni-1.5.7-6.so	fwrite
libzstd-jni-1.5.7-6.so	malloc
libzstd-jni-1.5.7-6.so	memcmp
libzstd-jni-1.5.7-6.so	memcpy
libzstd-jni-1.5.7-6.so	memmove
libzstd-jni-1.5.7-6.so	memset
libzstd-jni-1.5.7-6.so	pthread_cond_broadcast
libzstd-jni-1.5.7-6.so	pthread_cond_destroy
libzstd-jni-1.5.7-6.so	pthread_cond_init
libzstd-jni-1.5.7-6.so	pthread_cond_signal
libzstd-jni-1.5.7-6.so	pthread_cond_wait
libzstd-jni-1.5.7-6.so	pthread_create
libzstd-jni-1.5.7-6.so	pthread_join
libzstd-jni-1.5.7-6.so	pthread_mutex_destroy
libzstd-jni-1.5.7-6.so	pthread_mutex_init
libzstd-jni-1.5.7-6.so	pthread_mutex_lock
libzstd-jni-1.5.7-6.so	pthread_mutex_unlock
libzstd-jni-1.5.7-6.so	qsort
libzstd-jni-1.5.7-6.so	__sF
libzstd-jni-1.5.7-6.so	__stack_chk_fail
libzstd-jni-1.5.7-6.so	ZSTD_trace_compress_begin
libzstd-jni-1.5.7-6.so	ZSTD_trace_compress_end
libzstd-jni-1.5.7-6.so	ZSTD_trace_decompress_begin
libzstd-jni-1.5.7-6.so	ZSTD_trace_decompress_end
